startDate	endDate	color	customerFirstName	customerLastName	ownerId
2020/12/20 13:00	2020/12/20 14:00	#bad7f5	山田	太郎	d728DJLQj8TvqPa7awxBwUp7ryi1
2020/12/20 14:30	2020/12/20 15:30	#cecef2	山田	花子	d728DJLQj8TvqPa7awxBwUp7ryi1
2020/12/29 16:30	2020/12/29 17:30	#b0e7ea	大出	達也	d728DJLQj8TvqPa7awxBwUp7ryi1
2021/1/6 17:00	2021/1/6 18:00	#bad7f5	石川	沙織	d728DJLQj8TvqPa7awxBwUp7ryi1
2021/1/6 9:00	2021/1/6 10:00	#cecef2	柳田	祐希	d728DJLQj8TvqPa7awxBwUp7ryi1
2021/1/6 10:30	2021/1/6 11:30	#f3a9a4	千賀	滉大	d728DJLQj8TvqPa7awxBwUp7ryi1
2021/1/6 13:00	2021/1/6 14:00	#b0e7ea	大下	佳苗	d728DJLQj8TvqPa7awxBwUp7ryi1
2021/1/6 14:00	2021/1/6 16:00	#c8eca4	三森	すず子	d728DJLQj8TvqPa7awxBwUp7ryi1
2021/1/7 13:00	2021/1/7 14:00	#b0e7ea	鈴木	里香	d728DJLQj8TvqPa7awxBwUp7ryi1
2021/1/9 16:30	2021/1/9 17:30	#c8eca4	三田	杏	d728DJLQj8TvqPa7awxBwUp7ryi1